統計名：,家計調査 家計収支編 二人以上の世帯,,,,,,,,,,,,,,,,,,,,,,,,,,,,,,,,,,,,,,,,,,,,,,,,,,,,
表番号：,10,,,,,,,,,,,,,,,,,,,,,,,,,,,,,,,,,,,,,,,,,,,,,,,,,,,,
表題：,[品目分類] 品目分類（2020年改定）（総数：金額）,,,,,,,,,,,,,,,,,,,,,,,,,,,,,,,,,,,,,,,,,,,,,,,,,,,,
実施年月：,-,-,,,,,,,,,,,,,,,,,,,,,,,,,,,,,,,,,,,,,,,,,,,,,,,,,,,
市区町村時点（年月日）：,-,,,,,,,,,,,,,,,,,,,,,,,,,,,,,,,,,,,,,,,,,,,,,,,,,,,,
,,,,,,,,,,,,,,,,,,,,,,,,,,,,,,,,,,,,,,,,,,,,,,,,,,,,,
***,調査又は集計していないもの,,,,,,,,,,,,,,,,,,,,,,,,,,,,,,,,,,,,,,,,,,,,,,,,,,,,
-,該当数字がないもの,,,,,,,,,,,,,,,,,,,,,,,,,,,,,,,,,,,,,,,,,,,,,,,,,,,,
X,数値が秘匿されているもの,,,,,,,,,,,,,,,,,,,,,,,,,,,,,,,,,,,,,,,,,,,,,,,,,,,,
,,,,,,,,,,,,,,,,,,,,,,,,,,,,,,,,,,,,,,,,,,,,,,,,,,,,,
,,,,,,,,,10110001,10120000,10130000,10210000,10220000,10230000,10310010,10310020,10310030,10320010,10320020,10320030,10410001,10420000,10430001,10511010,10511020,10511030,10511040,10511060,10511070,10512020,10512040,10512050,10512070,10512090,10513040,10513050,10513060,10610010,10610020,10610040,10610060,10800010,10800020,10800040,10800050,10800060,10800070,10800090,10800100,10800110,10800120,10800130,10800150
表章項目 コード,表章項目,世帯区分 コード,世帯区分,地域区分 コード,地域区分,時間軸（月次） コード,時間軸（月次）,/品目分類（2020年改定）,1.1.1 米【円】,1.1.2 パン【円】,1.1.3 麺類【円】,1.2.1 生鮮魚介【円】,1.2.2 塩干魚介【円】,1.2.3 魚肉練製品【円】,220 牛肉【円】,221 豚肉【円】,222 鶏肉【円】,225 ハム【円】,226 ソーセージ【円】,227 ベーコン【円】,1.4.1 牛乳【円】,1.4.2 乳製品【円】,1.4.3 卵【円】,240 キャベツ【円】,241 ほうれんそう【円】,242 はくさい【円】,243 ねぎ【円】,247 ブロッコリー【円】,245 もやし【円】,251 じゃがいも【円】,253 だいこん【円】,254 にんじん【円】,256 たまねぎ【円】,25X たけのこ【円】,263 なす【円】,264 トマト【円】,265 ピーマン【円】,300 りんご【円】,301 みかん【円】,315 オレンジ【円】,305 梨【円】,340 ようかん【円】,341 まんじゅう【円】,343 カステラ【円】,344 ケーキ【円】,347 ゼリー【円】,348 プリン【円】,350 せんべい【円】,346 ビスケット【円】,357 スナック菓子【円】,349 キャンデー【円】,352 チョコレート【円】,356 アイスクリーム・シャーベット【円】
1,金額,3,二人以上の世帯（2000年〜）,0,全国,2010000101,2010年1月,,1815,2255,1369,3992,1140,718,1579,2002,1068,315,540,172,1254,1111,653,170,222,106,269,135,92,201,131,162,248,38,63,349,111,328,597,22,13,55,164,82,610,56,125,449,229,320,205,456,362
1,金額,3,二人以上の世帯（2000年〜）,0,全国,2010000202,2010年2月,,1980,2231,1281,3720,1089,660,1361,1943,1009,295,536,185,1207,1156,671,206,239,106,248,143,91,218,137,157,274,40,69,390,116,338,439,31,6,38,122,63,545,69,123,411,239,317,191,1122,305
1,金額,3,二人以上の世帯（2000年〜）,0,全国,2010000303,2010年3月,,2248,2518,1447,4139,1275,701,1517,2009,1041,339,601,203,1301,1278,718,238,208,87,245,122,100,253,137,166,335,117,110,476,144,357,219,67,1,35,154,86,657,98,138,509,396,364,214,409,383
1,金額,3,二人以上の世帯（2000年〜）,0,全国,2010000404,2010年4月,,2259,2468,1364,3818,1181,662,1462,1923,1023,340,597,190,1299,1252,681,303,197,83,219,99,112,289,152,191,367,208,133,550,173,296,56,118,0,37,139,81,522,127,132,466,261,358,199,287,464
1,金額,3,二人以上の世帯（2000年〜）,0,全国,2010000505,2010年5月,,2282,2507,1504,3973,1218,660,1575,1977,1014,389,627,200,1372,1273,732,282,189,63,217,125,106,337,141,208,317,88,199,721,189,241,46,126,0,63,164,90,551,182,139,446,271,360,195,233,752
1,金額,3,二人以上の世帯（2000年〜）,0,全国,2010000606,2010年6月,,2285,2402,1612,3674,1152,602,1349,1872,944,460,575,190,1411,1245,680,203,151,41,197,121,91,269,115,180,228,49,226,786,170,187,70,97,0,64,120,65,439,267,137,388,257,325,165,220,841
1,金額,3,二人以上の世帯（2000年〜）,0,全国,2010000707,2010年7月,,2183,2365,1895,3518,1203,603,1504,1909,903,582,572,181,1465,1202,669,178,96,36,204,104,86,173,95,167,185,28,253,657,172,126,108,60,28,107,110,64,415,368,128,401,259,316,163,149,1211
1,金額,3,二人以上の世帯（2000年〜）,0,全国,2010000808,2010年8月,,2114,2250,1680,3772,1164,607,1606,1953,877,495,600,171,1538,1175,661,213,79,40,222,88,86,145,111,195,206,30,268,615,163,113,131,44,467,131,160,68,462,374,133,437,262,322,162,134,1451
1,金額,3,二人以上の世帯（2000年〜）,0,全国,2010000909,2010年9月,,2927,2237,1280,3697,1069,642,1442,1973,986,375,604,192,1446,1220,694,211,103,97,249,120,97,184,175,223,231,35,213,595,158,322,167,34,792,40,140,59,447,144,125,372,226,317,162,209,864
1,金額,3,二人以上の世帯（2000年〜）,0,全国,2010001010,2010年10月,,3305,2381,1384,3791,1122,741,1534,2108,1096,359,624,195,1392,1258,735,232,213,202,310,169,102,223,234,242,270,36,153,477,134,519,486,20,396,42,133,63,508,106,134,388,251,337,197,319,504
1,金額,3,二人以上の世帯（2000年〜）,0,全国,2010001111,2010年11月,,2692,2268,1368,3707,1282,760,1510,2080,1071,522,588,191,1288,1234,707,217,210,215,302,172,96,208,208,229,269,33,80,370,114,782,738,13,142,49,155,77,566,78,117,407,256,326,218,353,351
1,金額,3,二人以上の世帯（2000年〜）,0,全国,2010001212,2010年12月,,2521,2294,1863,6175,2314,1643,2526,2210,1355,1147,603,205,1329,1322,793,200,223,178,370,166,92,218,167,242,284,107,55,397,107,911,1458,9,124,98,137,105,1336,79,134,574,329,387,218,432,423
1,金額,3,二人以上の世帯（2000年〜）,0,全国,2011000101,2011年1月,,1585,2192,1342,3728,1076,696,1550,2072,1042,319,523,166,1161,1154,679,187,211,129,283,121,92,232,126,198,292,36,64,343,110,313,652,21,6,44,120,74,556,73,121,407,239,327,195,457,346
1,金額,3,二人以上の世帯（2000年〜）,0,全国,2011000202,2011年2月,,1788,2193,1258,3481,1063,636,1385,1980,932,299,527,186,1122,1208,675,234,250,121,258,139,95,244,142,193,307,36,79,383,128,345,394,36,2,35,98,69,504,84,118,378,230,319,183,1119,289
1,金額,3,二人以上の世帯（2000年〜）,0,全国,2011000303,2011年3月,,2535,2558,1665,3701,1228,676,1449,2097,1018,345,598,204,1246,1219,757,258,216,101,252,149,98,305,148,236,373,56,115,468,152,363,191,91,1,28,115,89,596,123,120,489,351,406,217,397,329
1,金額,3,二人以上の世帯（2000年〜）,0,全国,2011000404,2011年4月,,2018,2501,1345,3518,1141,623,1529,2025,970,352,608,204,1248,1201,763,248,175,72,193,107,99,327,133,236,373,206,161,561,169,307,48,118,0,34,148,82,517,153,122,461,254,363,190,289,462
1,金額,3,二人以上の世帯（2000年〜）,0,全国,2011000505,2011年5月,,1943,2518,1510,3635,1194,646,1572,2004,1039,395,632,217,1308,1303,774,202,146,49,189,120,94,388,110,221,312,103,188,686,166,261,37,127,0,58,146,95,512,196,137,467,266,357,184,263,672
1,金額,3,二人以上の世帯（2000年〜）,0,全国,2011000606,2011年6月,,1955,2319,1631,3452,1177,610,1478,1963,993,454,575,218,1289,1269,731,166,139,40,188,109,90,295,100,187,210,53,211,727,170,219,59,98,3,82,96,56,422,240,136,391,238,321,162,194,791
1,金額,3,二人以上の世帯（2000年〜）,0,全国,2011000707,2011年7月,,2053,2313,2058,3339,1188,605,1370,1992,980,603,570,196,1421,1243,689,191,101,34,207,109,84,163,101,160,164,42,280,703,178,173,97,70,24,98,92,54,384,400,123,371,216,322,157,160,1265
1,金額,3,二人以上の世帯（2000年〜）,0,全国,2011000808,2011年8月,,2129,2309,1646,3631,1182,608,1486,2073,970,490,595,200,1421,1242,683,182,94,37,212,106,85,132,117,171,177,39,273,680,168,155,132,47,459,128,138,68,436,337,140,467,304,327,153,156,1241
1,金額,3,二人以上の世帯（2000年〜）,0,全国,2011000909,2011年9月,,2754,2268,1282,3497,1058,629,1341,2000,1062,364,600,212,1353,1265,687,214,117,97,233,123,94,167,169,194,211,37,204,623,150,325,142,37,850,51,120,57,470,148,121,366,240,302,159,210,767
1,金額,3,二人以上の世帯（2000年〜）,0,全国,2011001010,2011年10月,,3805,2428,1307,3657,1115,715,1452,2136,1154,358,633,207,1350,1287,718,233,201,205,278,164,100,207,253,220,244,37,135,484,129,511,493,19,382,42,143,58,522,97,130,408,261,320,201,310,516
1,金額,3,二人以上の世帯（2000年〜）,0,全国,2011001111,2011年11月,,2257,2333,1367,3658,1189,728,1431,2151,1147,571,612,211,1257,1260,699,172,202,162,237,169,87,184,167,196,224,36,95,421,113,683,746,11,157,45,122,65,549,83,117,412,286,329,204,356,393
1,金額,3,二人以上の世帯（2000年〜）,0,全国,2011001212,2011年12月,,2603,2390,1825,6053,2038,1583,2554,2247,1495,1084,626,208,1272,1392,757,157,195,155,304,163,86,183,155,215,224,114,60,402,109,877,1360,9,96,87,139,98,1384,81,121,566,329,378,208,463,423
1,金額,3,二人以上の世帯（2000年〜）,0,全国,2012000101,2012年1月,,1707,2307,1313,3665,1012,679,1463,2044,1137,332,539,189,1171,1272,665,228,223,135,274,145,98,202,144,182,239,37,63,389,119,353,709,18,11,48,124,90,551,77,122,395,255,322,193,461,339
1,金額,3,二人以上の世帯（2000年〜）,0,全国,2012000202,2012年2月,,1873,2342,1273,3508,1101,679,1373,1989,1092,306,554,195,1164,1419,681,268,250,141,265,167,100,230,160,188,255,38,77,457,131,383,530,42,1,36,105,81,500,80,111,402,278,329,195,1163,274
1,金額,3,二人以上の世帯（2000年〜）,0,全国,2012000303,2012年3月,,2120,2577,1385,3849,1159,664,1468,1998,1102,356,601,205,1231,1443,718,307,247,103,246,183,106,250,154,202,295,73,102,557,151,377,245,95,1,42,128,89,637,116,125,509,397,382,203,408,385
1,金額,3,二人以上の世帯（2000年〜）,0,全国,2012000404,2012年4月,,2180,2473,1352,3545,1105,644,1417,1932,1067,363,600,206,1243,1427,681,291,194,71,197,139,101,280,146,218,327,214,153,689,193,304,62,127,1,36,114,85,509,146,118,458,286,376,176,289,524
1,金額,3,二人以上の世帯（2000年〜）,0,全国,2012000505,2012年5月,,2225,2464,1439,3624,1123,633,1498,1931,1047,401,632,222,1293,1437,730,274,159,52,184,146,94,313,129,222,304,81,199,822,189,251,40,144,0,55,144,68,534,199,129,447,283,355,179,277,671
1,金額,3,二人以上の世帯（2000年〜）,0,全国,2012000606,2012年6月,,2177,2382,1554,3385,1131,599,1394,1895,987,464,576,201,1291,1402,665,197,142,43,182,132,85,214,106,189,221,45,220,859,172,198,57,112,0,91,104,61,424,258,129,414,267,328,164,211,798
1,金額,3,二人以上の世帯（2000年〜）,0,全国,2012000707,2012年7月,,2115,2348,1871,3225,1194,591,1365,1860,924,561,561,189,1388,1374,640,156,103,32,188,117,81,124,95,178,205,37,246,726,167,150,105,73,29,105,97,54,397,367,136,390,232,318,156,153,1165
1,金額,3,二人以上の世帯（2000年〜）,0,全国,2012000808,2012年8月,,2276,2297,1623,3349,1118,573,1558,1888,916,481,580,186,1423,1340,641,159,91,31,188,104,75,109,98,162,237,37,248,619,155,121,111,48,556,128,136,63,414,415,120,477,274,348,150,161,1332
1,金額,3,二人以上の世帯（2000年〜）,0,全国,2012000909,2012年9月,,2950,2248,1231,3448,983,600,1337,1901,978,369,590,195,1358,1354,658,164,110,71,213,122,82,157,148,173,254,38,200,641,146,308,119,45,841,45,116,71,446,151,113,356,225,308,136,213,849
1,金額,3,二人以上の世帯（2000年〜）,0,全国,2012001010,2012年10月,,3859,2313,1280,3510,1062,707,1413,2046,1061,356,628,201,1281,1418,691,162,188,145,262,158,85,182,193,196,242,39,131,534,119,555,468,25,386,43,131,67,478,95,117,387,255,328,180,333,515
1,金額,3,二人以上の世帯（2000年〜）,0,全国,2012001111,2012年11月,,2527,2229,1368,3459,1204,742,1406,2062,1070,544,595,202,1162,1350,670,149,196,160,266,168,83,159,166,185,210,31,76,438,105,697,728,10,121,41,104,72,517,74,111,399,273,329,190,390,326
1,金額,3,二人以上の世帯（2000年〜）,0,全国,2012001212,2012年12月,,2721,2301,1874,5980,2151,1690,2517,2225,1388,1093,620,207,1261,1476,755,171,221,169,340,161,86,173,165,223,219,115,54,450,113,904,1306,11,68,85,123,98,1375,80,123,653,323,402,195,470,414
1,金額,3,二人以上の世帯（2000年〜）,0,全国,2013000101,2013年1月,,1829,2251,1280,3489,1012,668,1581,2015,1077,326,539,173,1110,1317,640,227,256,144,292,151,92,183,147,192,227,32,68,434,117,351,655,18,9,39,106,88,539,74,120,438,227,331,169,490,363
1,金額,3,二人以上の世帯（2000年〜）,0,全国,2013000202,2013年2月,,1997,2216,1232,3369,1021,621,1378,1959,1028,303,542,191,1106,1359,647,236,251,122,253,175,88,200,154,184,241,35,75,436,131,384,455,35,3,33,95,80,501,79,113,396,279,333,184,1241,322
1,金額,3,二人以上の世帯（2000年〜）,0,全国,2013000303,2013年3月,,2290,2532,1375,3897,1166,637,1616,2113,1082,352,579,221,1247,1510,687,241,216,88,219,153,89,220,137,198,292,80,124,580,159,385,244,70,1,36,132,97,662,111,121,501,391,366,202,444,438
1,金額,3,二人以上の世帯（2000年〜）,0,全国,2013000404,2013年4月,,2325,2474,1332,3598,1137,623,1563,2084,1077,368,608,219,1194,1500,674,258,171,62,184,118,89,245,124,216,309,208,151,684,181,338,63,109,0,45,126,83,479,151,118,442,302,376,181,309,525
1,金額,3,二人以上の世帯（2000年〜）,0,全国,2013000505,2013年5月,,2313,2489,1401,3740,1153,601,1604,2020,1074,404,636,216,1268,1529,690,239,174,46,184,151,83,239,116,194,257,79,195,834,186,264,33,116,0,53,131,83,513,205,128,437,273,365,185,275,761
1,金額,3,二人以上の世帯（2000年〜）,0,全国,2013000606,2013年6月,,2303,2404,1615,3466,1112,590,1581,2022,1055,514,605,212,1313,1436,658,181,131,36,189,118,78,184,95,178,202,45,226,852,176,223,55,86,5,73,101,69,442,284,134,402,241,325,167,215,878
1,金額,3,二人以上の世帯（2000年〜）,0,全国,2013000707,2013年7月,,2167,2323,1764,3381,1215,612,1476,2025,1001,592,586,183,1398,1413,648,209,103,38,206,129,76,135,97,159,179,29,251,738,182,177,94,60,38,126,79,60,390,410,129,390,266,321,169,171,1234
1,金額,3,二人以上の世帯（2000年〜）,0,全国,2013000808,2013年8月,,2173,2236,1637,3454,1082,601,1649,2018,962,481,600,192,1373,1383,643,197,94,39,216,105,75,134,110,167,206,33,253,687,168,136,120,43,676,126,137,75,439,373,129,498,322,341,156,174,1437
1,金額,3,二人以上の世帯（2000年〜）,0,全国,2013000909,2013年9月,,2903,2206,1194,3536,1066,609,1448,2016,1073,382,607,195,1337,1415,678,231,113,106,239,121,87,180,186,198,243,34,197,643,160,327,140,35,783,56,113,86,461,144,125,389,256,331,150,229,794
1,金額,3,二人以上の世帯（2000年〜）,0,全国,2013001010,2013年10月,,3088,2285,1281,3545,1128,686,1489,2162,1157,375,647,208,1338,1471,711,234,192,186,279,165,89,207,238,218,267,34,141,567,146,555,488,24,245,44,99,60,473,91,132,419,243,333,183,329,549
1,金額,3,二人以上の世帯（2000年〜）,0,全国,2013001111,2013年11月,,2312,2278,1307,3524,1206,721,1519,2164,1178,516,621,199,1234,1409,718,239,183,233,303,183,86,191,223,219,247,34,84,454,129,764,798,12,102,50,131,67,548,70,114,422,286,342,198,389,370
1,金額,3,二人以上の世帯（2000年〜）,0,全国,2013001212,2013年12月,,2392,2279,1752,6118,2236,1580,2655,2391,1496,1017,641,208,1293,1567,805,252,236,224,356,187,86,191,207,273,267,124,51,473,126,988,1339,10,89,82,124,99,1390,77,111,587,335,386,196,495,445
1,金額,3,二人以上の世帯（2000年〜）,0,全国,2014000101,2014年1月,,1555,2222,1260,3757,1072,675,1649,2208,1184,342,538,183,1142,1398,702,271,242,160,286,182,88,215,162,214,288,33,77,444,126,388,755,13,6,45,104,88,526,76,115,431,242,309,185,549,396
1,金額,3,二人以上の世帯（2000年〜）,0,全国,2014000202,2014年2月,,1810,2221,1277,3347,1061,625,1391,2200,1138,315,548,203,1137,1495,722,264,238,143,262,177,86,223,157,205,306,34,74,447,132,395,517,24,3,38,89,75,476,73,108,419,255,320,172,1193,309
1,金額,3,二人以上の世帯（2000年〜）,0,全国,2014000303,2014年3月,,2524,2561,1475,3810,1195,645,1602,2268,1213,373,622,221,1241,1678,766,260,228,101,249,162,89,262,142,215,364,66,118,573,158,387,238,51,3,34,119,90,636,106,125,555,396,376,204,528,447
1,金額,3,二人以上の世帯（2000年〜）,0,全国,2014000404,2014年4月,,1635,2454,1212,3597,1110,612,1545,2189,1130,395,605,223,1255,1458,747,273,169,65,191,129,90,266,125,210,372,227,156,682,182,321,63,104,0,42,97,93,485,142,117,465,269,350,165,341,520
1,金額,3,二人以上の世帯（2000年〜）,0,全国,2014000505,2014年5月,,1908,2557,1392,3789,1183,621,1813,2230,1162,439,656,227,1325,1539,776,263,174,50,189,156,85,282,128,205,332,80,196,841,187,283,44,114,0,54,110,77,516,207,126,466,280,374,174,305,803
1,金額,3,二人以上の世帯（2000年〜）,0,全国,2014000606,2014年6月,,1963,2417,1584,3506,1124,621,1668,2246,1139,539,607,212,1350,1498,756,198,147,41,195,130,81,214,102,191,258,45,240,859,179,223,62,75,1,67,97,66,432,261,116,449,253,359,160,227,900
1,金額,3,二人以上の世帯（2000年〜）,0,全国,2014000707,2014年7月,,1876,2452,1793,3268,1130,627,1623,2211,1104,592,604,207,1362,1482,718,190,115,37,188,132,77,142,99,162,217,29,241,694,170,166,80,49,30,100,92,52,419,368,130,390,264,365,158,208,1202
1,金額,3,二人以上の世帯（2000年〜）,0,全国,2014000808,2014年8月,,1998,2486,1653,3623,1169,619,1910,2299,1115,452,632,202,1377,1488,725,225,101,49,215,116,81,145,118,183,253,34,264,642,169,152,93,38,587,116,128,69,498,347,122,498,302,391,157,201,1238
1,金額,3,二人以上の世帯（2000年〜）,0,全国,2014000909,2014年9月,,2569,2400,1197,3582,1081,616,1583,2219,1199,364,633,220,1290,1474,737,294,149,118,244,138,96,177,216,200,282,33,221,617,167,363,126,30,769,50,122,64,425,140,122,428,260,358,157,274,748
1,金額,3,二人以上の世帯（2000年〜）,0,全国,2014001010,2014年10月,,2831,2479,1317,3597,1100,702,1675,2428,1248,383,695,235,1293,1566,775,270,200,189,258,185,89,203,221,209,274,36,147,584,137,567,471,18,326,43,120,60,491,94,125,429,270,383,195,417,570
1,金額,3,二人以上の世帯（2000年〜）,0,全国,2014001111,2014年11月,,2116,2446,1325,3649,1216,724,1648,2459,1277,561,658,231,1173,1550,751,169,196,151,256,200,79,174,164,192,237,34,88,492,119,873,742,11,126,43,114,78,582,70,117,497,294,370,197,425,419
1,金額,3,二人以上の世帯（2000年〜）,0,全国,2014001212,2014年12月,,2324,2517,1810,6229,2147,1634,3013,2665,1618,1078,669,237,1231,1718,829,183,223,154,333,181,80,180,149,229,244,121,60,466,119,1092,1336,16,65,87,120,109,1324,84,115,654,403,434,203,548,455
1,金額,3,二人以上の世帯（2000年〜）,0,全国,2015000101,2015年1月,,1349,2399,1263,3740,1046,681,1771,2420,1239,329,571,195,1124,1554,704,239,249,124,282,184,87,192,138,187,257,32,73,458,127,426,612,17,6,44,97,76,523,71,108,441,259,361,185,559,401
1,金額,3,二人以上の世帯（2000年〜）,0,全国,2015000202,2015年2月,,1639,2357,1203,3506,1079,673,1486,2382,1232,320,584,209,1129,1563,715,242,264,119,256,175,86,212,148,179,278,33,74,475,134,452,438,28,2,33,94,60,494,72,103,436,263,351,184,1324,345
1,金額,3,二人以上の世帯（2000年〜）,0,全国,2015000303,2015年3月,,1843,2688,1351,4035,1221,706,1612,2490,1283,362,633,239,1251,1675,773,256,242,92,237,175,89,249,142,191,335,75,118,619,169,489,239,53,1,47,141,99,632,108,119,552,412,429,204,530,480
1,金額,3,二人以上の世帯（2000年〜）,0,全国,2015000404,2015年4月,,1790,2625,1370,3586,1169,653,1628,2460,1296,387,653,233,1262,1612,764,312,185,74,212,137,96,298,141,218,373,251,144,750,205,394,57,101,1,31,121,73,475,150,123,473,294,391,178,334,590
1,金額,3,二人以上の世帯（2000年〜）,0,全国,2015000505,2015年5月,,1726,2620,1544,3823,1190,652,1790,2444,1239,440,650,240,1333,1606,781,346,198,60,226,183,94,345,148,222,346,85,232,937,223,315,39,110,0,57,123,80,537,232,123,470,303,385,181,286,928
1,金額,3,二人以上の世帯（2000年〜）,0,全国,2015000606,2015年6月,,1716,2525,1588,3489,1175,630,1544,2454,1214,489,617,235,1321,1569,754,239,153,48,211,144,86,277,115,220,285,44,266,921,219,243,50,78,0,78,96,66,468,259,124,428,269,343,167,268,894
1,金額,3,二人以上の世帯（2000年〜）,0,全国,2015000707,2015年7月,,1736,2549,1835,3335,1218,644,1634,2376,1143,626,599,216,1409,1547,741,224,117,46,222,152,81,196,113,184,259,31,274,743,210,181,90,47,36,114,94,59,393,379,129,423,274,359,164,213,1257
1,金額,3,二人以上の世帯（2000年〜）,0,全国,2015000808,2015年8月,,1765,2513,1657,3612,1184,630,1824,2436,1128,527,658,212,1416,1508,741,260,97,51,238,124,79,177,134,202,295,35,279,669,192,186,121,42,618,124,147,80,468,393,126,501,334,394,165,212,1384
1,金額,3,二人以上の世帯（2000年〜）,0,全国,2015000909,2015年9月,,2108,2464,1321,3646,1117,651,1590,2387,1228,372,644,227,1335,1590,756,312,140,138,270,158,90,201,226,222,308,30,194,671,182,424,145,29,678,50,125,78,466,136,127,444,271,359,165,326,768
1,金額,3,二人以上の世帯（2000年〜）,0,全国,2015001010,2015年10月,,3095,2606,1353,3577,1145,708,1660,2572,1298,371,630,224,1314,1646,791,330,218,219,306,199,89,204,243,226,286,35,150,626,159,598,543,18,240,47,121,64,501,103,128,436,280,356,196,413,603
1,金額,3,二人以上の世帯（2000年〜）,0,全国,2015001111,2015年11月,,1918,2569,1401,3685,1233,716,1667,2586,1330,487,584,215,1243,1573,784,221,196,175,269,212,78,177,166,203,245,30,100,551,131,965,728,10,124,70,112,69,583,86,120,484,297,364,201,451,478
1,金額,3,二人以上の世帯（2000年〜）,0,全国,2015001212,2015年12月,,2296,2593,1862,6420,2213,1684,2919,2706,1677,1097,636,210,1297,1720,842,171,195,145,331,210,77,186,148,231,243,141,65,513,119,907,1295,12,95,100,142,110,1383,83,124,670,390,421,202,585,581
1,金額,3,二人以上の世帯（2000年〜）,0,全国,2016000101,2016年1月,,1423,2512,1375,3814,1076,691,1843,2575,1336,356,559,184,1146,1625,743,189,203,125,297,168,83,199,125,182,249,31,57,468,125,427,689,20,8,39,133,99,552,77,121,448,258,353,190,665,464
1,金額,3,二人以上の世帯（2000年〜）,0,全国,2016000202,2016年2月,,1761,2521,1320,3676,1105,679,1650,2492,1292,315,583,210,1190,1739,761,206,245,125,283,173,86,238,140,185,273,37,87,530,135,459,425,34,2,30,114,78,518,95,120,431,270,362,197,1376,397
1,金額,3,二人以上の世帯（2000年〜）,0,全国,2016000303,2016年3月,,1845,2740,1378,4174,1222,676,1737,2474,1302,346,616,223,1266,1821,803,243,217,100,246,167,91,289,134,190,320,92,128,635,187,463,147,85,0,44,136,99,629,118,118,553,412,402,195,580,493
1,金額,3,二人以上の世帯（2000年〜）,0,全国,2016000404,2016年4月,,1883,2670,1389,3652,1162,615,1733,2404,1226,361,620,218,1245,1756,775,286,193,71,207,150,87,329,137,201,320,238,165,781,206,371,44,119,0,41,117,74,484,162,125,494,310,374,171,403,617
1,金額,3,二人以上の世帯（2000年〜）,0,全国,2016000505,2016年5月,,1858,2668,1492,3810,1201,635,1839,2425,1253,415,662,228,1339,1828,810,301,188,55,221,190,85,359,130,231,291,73,217,938,217,314,38,131,0,58,118,75,518,218,124,485,304,375,185,346,890
1,金額,3,二人以上の世帯（2000年〜）,0,全国,2016000606,2016年6月,,1730,2508,1602,3519,1157,607,1648,2317,1154,484,595,224,1322,1760,780,233,157,47,212,152,80,253,110,200,257,37,258,906,212,238,42,89,0,84,87,55,438,256,112,422,300,334,159,267,883
1,金額,3,二人以上の世帯（2000年〜）,0,全国,2016000707,2016年7月,,1810,2509,1830,3387,1149,619,1732,2341,1123,668,596,215,1375,1726,765,212,114,38,223,158,74,174,105,171,279,29,269,732,197,175,88,67,36,113,89,56,434,369,128,489,287,344,151,221,1292
1,金額,3,二人以上の世帯（2000年〜）,0,全国,2016000808,2016年8月,,1810,2401,1621,3506,1128,603,1880,2385,1114,455,631,225,1437,1641,755,201,103,40,218,128,72,163,117,193,329,32,274,700,174,194,98,55,651,105,104,74,451,347,121,517,344,369,143,207,1387
1,金額,3,二人以上の世帯（2000年〜）,0,全国,2016000909,2016年9月,,2281,2355,1254,3447,1056,602,1529,2331,1189,346,616,215,1396,1636,775,234,127,105,244,144,80,214,185,246,362,36,211,700,176,367,148,42,708,50,110,79,451,138,127,420,278,330,148,303,843
1,金額,3,二人以上の世帯（2000年〜）,0,全国,2016001010,2016年10月,,2801,2499,1326,3513,1088,682,1628,2529,1303,335,632,221,1357,1744,800,325,193,232,331,211,98,231,259,327,312,34,166,634,168,605,578,28,248,58,114,67,528,97,132,434,287,360,190,420,621
1,金額,3,二人以上の世帯（2000年〜）,0,全国,2016001111,2016年11月,,2130,2434,1318,3471,1190,734,1680,2505,1352,547,623,216,1181,1727,793,337,239,280,331,228,96,205,245,295,255,30,102,518,152,791,856,17,133,45,108,74,544,80,116,477,301,351,188,487,459
1,金額,3,二人以上の世帯（2000年〜）,0,全国,2016001212,2016年12月,,2190,2477,1702,5853,2019,1594,2938,2688,1646,876,654,221,1264,1916,859,259,249,227,382,236,87,212,200,282,244,127,77,526,142,942,1378,12,83,92,138,92,1369,87,135,654,370,391,193,586,561
1,金額,3,二人以上の世帯（2000年〜）,0,全国,2017000101,2017年1月,,1412,2396,1310,3531,1060,682,1759,2547,1325,320,551,192,1165,1712,753,251,235,177,322,193,86,233,160,215,250,33,79,507,133,407,744,17,11,36,98,83,542,81,118,433,259,332,184,671,489
1,金額,3,二人以上の世帯（2000年〜）,0,全国,2017000202,2017年2月,,1600,2376,1195,3273,1074,627,1459,2403,1246,290,543,198,1140,1719,746,257,247,152,278,212,83,254,151,204,270,35,88,513,151,431,453,25,4,28,89,62,502,80,101,416,261,345,182,1405,382
1,金額,3,二人以上の世帯（2000年〜）,0,全国,2017000303,2017年3月,,1800,2718,1319,3799,1188,659,1645,2497,1307,335,616,222,1242,1830,802,290,221,113,265,206,91,310,148,227,321,57,130,641,184,421,199,74,2,37,113,91,620,111,121,561,403,394,200,613,472
1,金額,3,二人以上の世帯（2000年〜）,0,全国,2017000404,2017年4月,,1884,2622,1325,3605,1154,630,1665,2414,1268,344,633,213,1233,1795,777,317,190,74,222,168,91,345,146,234,367,203,164,776,207,362,49,105,0,43,110,71,495,150,115,500,305,406,159,419,624
1,金額,3,二人以上の世帯（2000年〜）,0,全国,2017000505,2017年5月,,1782,2576,1461,3567,1210,634,1793,2436,1287,405,657,232,1330,1776,805,285,164,57,211,185,86,340,131,218,330,94,218,887,226,297,37,119,0,63,116,76,534,200,121,473,334,363,161,362,915
1,金額,3,二人以上の世帯（2000年〜）,0,全国,2017000606,2017年6月,,1792,2495,1540,3204,1145,608,1665,2378,1232,450,615,223,1320,1696,768,209,146,45,201,165,82,240,104,192,235,52,254,863,213,266,41,87,1,64,84,50,428,254,124,449,282,334,158,336,914
1,金額,3,二人以上の世帯（2000年〜）,0,全国,2017000707,2017年7月,,1739,2408,1810,3141,1121,611,1694,2412,1184,562,603,212,1411,1701,756,178,106,36,205,150,76,144,99,153,205,26,263,761,193,184,71,69,32,101,76,51,395,375,124,410,271,344,142,244,1394
1,金額,3,二人以上の世帯（2000年〜）,0,全国,2017000808,2017年8月,,1842,2408,1556,3461,1175,611,1972,2419,1180,473,649,220,1383,1690,776,201,86,43,221,128,76,144,117,167,223,34,257,680,184,172,90,48,560,101,107,68,461,353,127,543,371,378,145,272,1370
1,金額,3,二人以上の世帯（2000年〜）,0,全国,2017000909,2017年9月,,2486,2394,1269,3324,1057,622,1655,2457,1269,354,627,220,1318,1713,776,251,124,113,253,168,84,181,180,176,243,31,210,678,173,347,113,39,685,48,98,69,456,140,116,432,276,351,148,361,826
1,金額,3,二人以上の世帯（2000年〜）,0,全国,2017001010,2017年10月,,2864,2504,1349,3287,1106,701,1801,2680,1403,348,671,230,1286,1763,831,230,183,190,302,195,86,190,200,195,236,29,144,619,156,536,468,21,286,44,90,67,513,95,124,442,292,357,180,515,599
1,金額,3,二人以上の世帯（2000年〜）,0,全国,2017001111,2017年11月,,2192,2489,1372,3419,1210,723,1745,2614,1387,507,623,218,1207,1749,800,251,158,221,343,228,91,186,204,205,232,29,86,546,155,722,775,14,142,50,101,62,536,82,120,481,303,369,180,514,489
1,金額,3,二人以上の世帯（2000年〜）,0,全国,2017001212,2017年12月,,2288,2570,1794,6036,1852,1544,3107,2771,1728,944,647,222,1265,1953,862,290,219,283,413,224,93,185,245,251,241,120,63,537,165,970,1460,13,93,71,102,106,1322,90,123,665,386,426,202,695,573
1,金額,3,二人以上の世帯（2000年〜）,0,全国,2018000101,2018年1月,,1525,2468,1331,3495,1025,678,1756,2626,1389,325,574,192,1162,1765,778,341,263,248,351,208,107,211,199,216,261,31,92,523,161,391,676,18,11,40,93,66,516,94,122,460,293,366,191,763,507
1,金額,3,二人以上の世帯（2000年〜）,0,全国,2018000202,2018年2月,,1766,2386,1266,3240,1019,607,1584,2488,1306,291,559,201,1098,1769,745,346,296,212,322,189,106,211,198,218,285,35,95,522,157,410,402,35,3,23,75,65,488,100,107,419,282,356,184,1383,416
1,金額,3,二人以上の世帯（2000年〜）,0,全国,2018000303,2018年3月,,1817,2742,1346,3536,1098,605,1726,2521,1320,332,623,221,1186,1870,790,370,258,122,274,230,99,241,164,218,323,71,122,666,179,391,191,72,2,35,100,74,607,127,124,528,387,412,190,631,607
1,金額,3,二人以上の世帯（2000年〜）,0,全国,2018000404,2018年4月,,1893,2623,1377,3322,1077,559,1719,2492,1281,352,619,219,1199,1823,784,301,174,72,208,145,89,238,127,236,333,194,176,754,211,335,63,106,1,47,95,64,443,171,118,470,310,392,171,426,746
1,金額,3,二人以上の世帯（2000年〜）,0,全国,2018000505,2018年5月,,1892,2609,1450,3290,1135,596,1749,2565,1316,377,648,226,1275,1825,807,259,169,55,206,198,84,248,112,235,295,72,208,872,215,276,34,116,1,59,97,76,491,222,127,477,325,382,183,402,894
1,金額,3,二人以上の世帯（2000年〜）,0,全国,2018000606,2018年6月,,1958,2502,1582,3107,1085,545,1692,2495,1231,420,603,225,1276,1731,773,211,147,46,202,163,81,181,101,179,226,42,239,829,206,215,40,77,2,61,87,60,420,250,130,421,286,367,163,318,1021
1,金額,3,二人以上の世帯（2000年〜）,0,全国,2018000707,2018年7月,,1916,2432,1743,2977,1083,554,1676,2483,1194,515,596,207,1368,1694,753,211,101,41,211,149,79,114,95,153,200,27,283,756,211,165,68,59,52,74,68,50,407,373,118,404,279,362,163,255,1506
1,金額,3,二人以上の世帯（2000年〜）,0,全国,2018000808,2018年8月,,1920,2459,1616,3187,1105,550,1874,2428,1163,423,620,204,1378,1703,771,278,94,48,232,136,82,122,131,184,237,28,292,731,207,154,100,49,524,97,100,71,441,354,137,543,347,394,157,284,1443
1,金額,3,二人以上の世帯（2000年〜）,0,全国,2018000909,2018年9月,,2343,2525,1366,3207,997,595,1665,2546,1302,333,633,215,1333,1725,799,252,125,130,270,168,88,169,209,221,282,29,199,736,209,338,160,34,617,40,84,66,464,134,121,436,298,373,152,383,861
1,金額,3,二人以上の世帯（2000年〜）,0,全国,2018001010,2018年10月,,3003,2593,1296,3325,1066,696,1735,2605,1371,337,640,219,1270,1756,816,250,181,217,315,225,90,196,239,264,298,35,139,659,181,526,504,23,285,52,96,67,527,104,125,436,310,361,195,524,640
1,金額,3,二人以上の世帯（2000年〜）,0,全国,2018001111,2018年11月,,2238,2542,1313,3246,1151,697,1698,2584,1339,477,600,208,1171,1742,781,209,217,200,304,235,80,170,181,251,268,29,111,535,153,631,761,13,123,51,92,61,521,78,118,470,305,368,198,518,492
1,金額,3,二人以上の世帯（2000年〜）,0,全国,2018001212,2018年12月,,2045,2674,1683,5566,1835,1553,2997,2758,1665,797,628,238,1235,1906,840,174,199,156,338,224,78,187,137,239,268,106,68,551,140,807,1325,10,52,91,92,103,1378,100,117,693,449,442,217,702,537
1,金額,3,二人以上の世帯（2000年〜）,0,全国,2019000101,2019年1月,,1490,2534,1297,3493,997,660,1810,2592,1348,311,541,201,1141,1783,730,196,209,121,293,204,81,192,122,189,290,31,81,506,136,376,782,16,8,52,77,67,551,91,124,451,302,372,202,789,494
1,金額,3,二人以上の世帯（2000年〜）,0,全国,2019000202,2019年2月,,1671,2551,1264,3064,980,611,1515,2425,1298,297,542,201,1115,1733,718,210,211,101,255,211,79,199,120,170,314,34,79,508,145,420,429,33,1,30,72,61,519,88,121,419,297,371,198,1384,423
1,金額,3,二人以上の世帯（2000年〜）,0,全国,2019000303,2019年3月,,1833,2898,1430,3467,1088,642,1671,2538,1332,333,627,229,1227,1849,761,206,187,67,222,196,82,216,103,174,355,70,125,639,182,407,173,70,0,46,118,69,647,135,134,558,453,440,231,711,542
1,金額,3,二人以上の世帯（2000年〜）,0,全国,2019000404,2019年4月,,1877,2861,1392,3261,1043,599,1682,2394,1271,339,621,209,1212,1782,753,242,170,60,188,165,82,238,110,180,355,201,150,731,207,340,54,108,1,46,106,73,512,185,143,497,364,423,208,495,667
1,金額,3,二人以上の世帯（2000年〜）,0,全国,2019000505,2019年5月,,1785,2773,1493,3374,1056,619,1777,2393,1296,391,632,223,1342,1877,772,239,165,48,197,209,80,249,107,187,305,86,202,847,215,268,35,100,0,61,96,74,519,239,138,474,323,389,196,419,1000
1,金額,3,二人以上の世帯（2000年〜）,0,全国,2019000606,2019年6月,,1801,2646,1559,3124,1078,592,1625,2408,1268,457,599,222,1295,1785,766,218,141,42,200,174,77,192,100,169,219,47,233,829,219,227,44,77,1,74,83,64,439,281,134,434,290,382,177,325,991
1,金額,3,二人以上の世帯（2000年〜）,0,全国,2019000707,2019年7月,,1713,2701,1696,2991,1093,589,1518,2358,1185,518,593,213,1355,1771,756,202,110,37,203,177,73,141,97,153,201,28,253,702,211,173,93,56,31,79,68,51,448,359,143,458,305,399,176,302,1236
1,金額,3,二人以上の世帯（2000年〜）,0,全国,2019000808,2019年8月,,1756,2657,1656,3219,1070,590,1853,2335,1121,461,619,201,1398,1730,725,228,75,41,216,145,73,139,104,155,217,28,272,674,196,147,96,47,529,101,102,72,429,424,139,539,379,420,161,278,1513
1,金額,3,二人以上の世帯（2000年〜）,0,全国,2019000909,2019年9月,,2335,2552,1339,3160,1032,599,1560,2438,1242,355,630,216,1348,1807,762,265,104,100,244,162,82,169,155,179,250,29,215,704,191,334,131,40,729,46,93,56,489,173,122,424,323,385,157,374,996
1,金額,3,二人以上の世帯（2000年〜）,0,全国,2019001010,2019年10月,,2944,2650,1446,3233,1056,688,1522,2555,1312,349,664,228,1301,1805,812,239,167,170,297,213,84,181,183,201,252,32,159,658,172,498,444,24,271,34,83,58,508,114,130,434,307,397,190,478,724
1,金額,3,二人以上の世帯（2000年〜）,0,全国,2019001111,2019年11月,,1966,2639,1378,3277,1124,705,1649,2516,1309,486,626,206,1184,1798,775,201,165,176,303,234,83,164,172,184,231,29,95,534,141,680,735,14,115,40,91,66,588,99,125,470,333,407,220,551,531
1,金額,3,二人以上の世帯（2000年〜）,0,全国,2019001212,2019年12月,,2042,2701,1762,5725,1748,1487,2996,2685,1605,795,665,233,1258,1939,842,192,203,181,360,246,79,178,165,227,227,107,70,569,137,780,1224,12,63,66,104,99,1344,105,134,711,446,464,222,677,584